{
  "accuracy": 0.7052722573280334,
  "precision": 0.7336448431015015,
  "recall": 0.6784788370132446,
  "f1_score": 0.7049842828042143,
  "loss": 0.8428645133972168,
  "classes": [
    "confused",
    "fear",
    "neutral",
    "surprise"
  ]
}